{
  "images" : [
    {
      "filename" : "650929 3.png",
      "idiom" : "iphone"
    },
    {
      "filename" : "650929.png",
      "idiom" : "universal",
      "scale" : "1x",
      "unassigned" : true
    },
    {
      "filename" : "650929 1.png",
      "idiom" : "universal",
      "scale" : "2x",
      "unassigned" : true
    },
    {
      "filename" : "650929 2.png",
      "idiom" : "universal",
      "scale" : "3x",
      "unassigned" : true
    }
  ],
  "info" : {
    "author" : "xcode",
    "version" : 1
  }
}
